food,amount,unit,category
キャベツ,1.0,個,1.0
かぼちゃ,1.0,玉,1.0
大根,1.0,本,1.0
ごぼう,2.0,本,1.0
たまねぎ,4.0,個,1.0
にんじん,3.0,本,1.0
レタス,1.0,玉,1.0
里いも,4.0,個,1.0
長ネギ,3.0,本,1.0
鮭（大）,2.0,切,2.0
ベーコン,118.0,g,2.0
鶏肉,875.0,g,2.0
豚肉,875.0,g,2.0
ほうとう麺,700.0,g,3.0
たくあん,26.0,g,3.0
こんにゃく,1.0,枚,3.0
油揚げ,8.0,枚,3.0
食パン5枚切り,5.0,枚,4.0
米,7.0,合,4.0
卵,9.0,個,4.0
牛乳,2.0,本,4.0
フランスパン,3.0,本,4.0
酒,31.0,g,5.0
酢,60.0,ml,5.0
醤油,200.0,ml,5.0
パン粉,40.0,g,5.0
カレー,200.0,g,5.0
砂糖,46.0,g,5.0
かつおぶし,14.0,g,5.0
